2019-40,2019-41,2019-42,2019-43,2019-44,2019-45,2019-46,2019-47,2019-48,2019-49,2019-50,2019-51,2019-52,2020-01,2020-02,2020-03,2020-04,2020-05,2020-06,2020-07,2020-08,2020-09
A Shaun the Sheep Movie: Farmageddon,Gemini Man,Maleficent: Mistress of Evil,Maleficent: Mistress of Evil,Joker,Joker,Joker,Das perfekte Geheimnis,Das perfekte Geheimnis,Das perfekte Geheimnis,Frozen II,Jumanji: The Next Level,Frozen II,Jumanji: The Next Level,Knives Out,Star Wars: Episode IX - The Rise of Skywalker,Klassikokkutulek 2: Pulmad ja matused,Bad Boys for Life,Dolittle,Sonic the Hedgehog,Nightlife,The Invisible Man
It Chapter Two,Dem Horizont so nah,Gemini Man,Terminator: Dark Fate,Maleficent: Mistress of Evil,Recep Ivedik 6,Last Christmas,Spirits in the Forest,Last Christmas,Last Christmas,Das perfekte Geheimnis,Frozen II,Jumanji: The Next Level,Frozen II,Jumanji: The Next Level,1917,1917,Klassikokkutulek 2: Pulmad ja matused,Bad Boys for Life,Bad Boys for Life,Parasite,The Gentlemen
The Angry Birds Movie 2,A Shaun the Sheep Movie: Farmageddon,A Shaun the Sheep Movie: Farmageddon,The Addams Family,Terminator: Dark Fate,Zombieland: Double Tap,Ford v Ferrari,Last Christmas,Hustlers,Hustlers,Last Christmas,Das perfekte Geheimnis,When Hitler Stole Pink Rabbit,Knives Out,Frozen II,Lindenberg! Mach dein Ding,Lindenberg! Mach dein Ding,The Gershwins' Porgy and Bess,Granny Nanny,Birds of Prey: And the Fantabulous Emancipation of One Harley Quinn,The Call of the Wild,Parasite
Downton Abbey,It Chapter Two,Parasite,Yedinci Kogustaki Mucize,The Addams Family,Puccini: Madama Butterfly,Recep Ivedik 6,Joker,Joker,Joker,Hustlers,Last Christmas,Das perfekte Geheimnis,When Hitler Stole Pink Rabbit,When Hitler Stole Pink Rabbit,Knives Out,Star Wars: Episode IX - The Rise of Skywalker,1917,1917,Dolittle,Lassie Come Home,Lassie Come Home
Abominable,Downton Abbey,The Angry Birds Movie 2,Parasite,Yedinci Kogustaki Mucize,Maleficent: Mistress of Evil,Zombieland: Double Tap,Ford v Ferrari,Ford v Ferrari,Ford v Ferrari,Der kleine Rabe Socke - Suche nach dem verlorenen Schatz,Der kleine Rabe Socke - Suche nach dem verlorenen Schatz,Spies in Disguise,Das perfekte Geheimnis,Das perfekte Geheimnis,Jumanji: The Next Level,Knives Out,Little Women,Klassikokkutulek 2: Pulmad ja matused,Parasite,Bad Boys for Life,Bad Boys for Life
Eine ganz hei?e Nummer 2.0,The Angry Birds Movie 2,Abominable,Gemini Man,A Shaun the Sheep Movie: Farmageddon,The Addams Family,Maleficent: Mistress of Evil,Zombieland: Double Tap,Zombieland: Double Tap,Zombieland: Double Tap,Black Christmas,Hustlers,Cats,Spies in Disguise,Sprite Sisters - Vier zauberhafte Schwestern,Frozen II,Jumanji: The Next Level,Lindenberg! Mach dein Ding,Little Women,Granny Nanny,Granny Nanny,The Call of the Wild
The Lion King,Abominable,Yedinci Kogustaki Mucize,Massenet: Manon,Parasite,Terminator: Dark Fate,The Addams Family,Doctor Sleep,Doctor Sleep,Mucize Ask,Joker,Black Christmas,Der kleine Rabe Socke - Suche nach dem verlorenen Schatz,Charlie's Angels,The Grudge,Weathering with You,Frozen II,Knives Out,Lindenberg! Mach dein Ding,1917,Dolittle,Dolittle
Ad Astra,Dora and the Lost City of Gold,Downton Abbey,The Angry Birds Movie 2,Haunt,Midway,Lara,Recep Ivedik 6,Recep Ivedik 6,Doctor Sleep,Ford v Ferrari,Joker,Last Christmas,Cats,Spies in Disguise,Sprite Sisters - Vier zauberhafte Schwestern,Das geheime Leben der B?ume,The Elfkins - Baking a Difference,Knives Out,Little Women,Birds of Prey: And the Fantabulous Emancipation of One Harley Quinn,Birds of Prey: And the Fantabulous Emancipation of One Harley Quinn
Rambo: Last Blood,The German Lesson,The Lion King,Abominable,The Angry Birds Movie 2,The Angry Birds Movie 2,Terminator: Dark Fate,Philip Glass: Akhnaten,La Belle ?poque,A Rainy Day in New York,Mucize Ask,The Peanut Butter Falcon,Joker,Latte & the Magic Waterstone,Charlie's Angels,Das perfekte Geheimnis,Jojo Rabbit,Countdown,Countdown,Klassikokkutulek 2: Pulmad ja matused,Fantasy Island,Little Women
Once Upon a Time... in Hollywood,The Lion King,Once Upon a Time... in Hollywood,Downton Abbey,Abominable,Abominable,The Angry Birds Movie 2,The Addams Family,The Addams Family,The Addams Family,Zombieland: Double Tap,Politseyskiy s Rublyovki. Novogodniy bespredel 2,Last Christmas,Joker,Judy,Spies in Disguise,Die Wolf-G?ng,Star Wars: Episode IX - The Rise of Skywalker,Jumanji: The Next Level,Bombshell,1917,1917
